<?xml version="1.0" encoding="UTF-8"?>
<!DOCTYPE struts PUBLIC "-//Apache Software Foundation//DTD Struts Configuration 2.3//EN" "http://struts.apache.org/dtds/struts-2.3.dtd">
<struts>
	<!-- 指定由action对象的创建-->
	<constant name="struts.objectFactory" value="struts" />
	<!-- 所有匹配*。action的请求 都由Struts2处理-->
	<constant name="struts.action.extension" value="action" />
	<!-- struts配置文件改动后是否重新加载-->
	<constant name="struts.configuration.xml.reload" value="true" />
	<!-- 请求参数的编码方式-->
	<constant name="struts.i18n.encoding" value="utf-8"/>
	<package name="web" extends="struts-default">
		<!-- 会员注册，映射到RegisterAction的register方法 -->
		<action name="register" class="com.qingshixun.register.RegisterAction" method="register">
			<!-- 成功后调转页面 -->
			<result name="success">WEB-INF/views/register.jsp</result>
		</action>
		<!-- 会员提交注册，映射到RegisterAction的save方法 -->
		<action name="save" class="com.qingshixun.register.RegisterAction" method="save">
			<!-- 成功后调转页面 -->
			<result name="success">WEB-INF/views/success.jsp</result>
		</action>
	</package>
</struts>